id,first_name,last_name,email,gender,ip_address
1,Aaron,Smith,asmith0@youku.com,Male,160.125.7.247
2,Angela,Harper,aharper1@umn.edu,Female,204.141.99.3
3,Harold,Marshall,hmarshall2@technorati.com,Male,219.183.204.152
4,Debra,Crawford,dcrawford3@va.gov,Female,133.176.254.168
5,Walter,Garcia,wgarcia4@networkadvertising.org,Male,152.204.160.56
6,Charles,Cook,ccook5@state.gov,Male,245.133.185.67
7,Ryan,Parker,rparker6@cornell.edu,Male,131.25.44.158
8,Walter,Holmes,wholmes7@rediff.com,Male,223.239.8.142
9,Carolyn,Williams,cwilliams8@i2i.jp,Female,129.194.93.175
10,Wanda,White,wwhite9@theguardian.com,Female,237.35.100.168
11,Eric,Hall,ehalla@acquirethisname.com,Male,150.201.248.135
12,Philip,Hudson,phudsonb@newsvine.com,Male,91.224.228.8
13,Debra,Baker,dbakerc@cafepress.com,Female,128.110.248.221
14,Justin,Ferguson,jfergusond@goo.gl,Male,151.45.72.3
15,Michael,Kelley,mkelleye@mashable.com,Male,229.8.196.53
16,Jennifer,Carpenter,jcarpenterf@meetup.com,Female,228.211.97.203
17,Julie,Larson,jlarsong@home.pl,Female,109.59.147.42
18,Judy,Stewart,jstewarth@amazon.com,Female,185.73.151.188
19,Judy,Jackson,jjacksoni@google.com.br,Female,169.224.112.223
20,Alice,Davis,adavisj@vimeo.com,Female,55.253.165.170
21,Phyllis,Moore,pmoorek@wp.com,Female,115.119.110.83
22,Scott,Howell,showelll@devhub.com,Male,202.163.145.191
23,Fred,Castillo,fcastillom@salon.com,Male,60.81.200.222
24,Howard,Shaw,hshawn@walmart.com,Male,109.27.130.7
25,Jerry,Robertson,jrobertsono@wired.com,Male,70.153.6.160
26,Joyce,Kennedy,jkennedyp@amazon.de,Female,100.244.111.157
27,Theresa,Matthews,tmatthewsq@so-net.ne.jp,Female,234.241.156.167
28,George,Baker,gbakerr@hao123.com,Male,242.81.213.113
29,Kenneth,Garcia,kgarcias@redcross.org,Male,178.7.196.148
30,Betty,Young,byoungt@elegantthemes.com,Female,61.121.77.34
31,Amanda,Parker,aparkeru@stanford.edu,Female,1.112.211.163
32,Cynthia,Young,cyoungv@vistaprint.com,Female,83.149.163.176
33,Juan,Bowman,jbowmanw@freewebs.com,Male,55.63.77.106
34,Rose,Moreno,rmorenox@psu.edu,Female,185.34.15.30
35,Eugene,Henry,ehenryy@printfriendly.com,Male,214.138.51.119
36,Andrea,Holmes,aholmesz@xrea.com,Female,234.60.198.89
37,Anne,Oliver,aoliver10@dailymotion.com,Female,150.217.157.87
38,Wayne,Ortiz,wortiz11@seattletimes.com,Male,34.43.132.218
39,Catherine,Warren,cwarren12@sbwire.com,Female,54.131.200.166
40,Harold,Cox,hcox13@seesaa.net,Male,80.168.43.183
41,Paula,Walker,pwalker14@cpanel.net,Female,217.71.239.218
42,Elizabeth,Hicks,ehicks15@istockphoto.com,Female,203.13.161.28
43,Edward,Carter,ecarter16@yelp.com,Male,144.227.70.223
44,Jeremy,Reyes,jreyes17@nbcnews.com,Male,239.250.68.183
45,Billy,Jackson,bjackson18@ning.com,Male,31.31.171.193
46,Robert,Gutierrez,rgutierrez19@apple.com,Male,199.73.3.142
47,Roy,Rose,rrose1a@artisteer.com,Male,94.89.134.150
48,Michelle,Griffin,mgriffin1b@unc.edu,Female,163.188.7.38
49,Edward,Hansen,ehansen1c@privacy.gov.au,Male,55.109.169.78
50,Christopher,Murray,cmurray1d@globo.com,Male,215.144.17.41
51,Edward,Thompson,ethompson1e@oakley.com,Male,179.192.105.116
52,Kathryn,Long,klong1f@berkeley.edu,Female,8.167.179.140
53,Ruth,Gonzales,rgonzales1g@technorati.com,Female,181.138.177.2
54,Betty,Scott,bscott1h@dailymail.co.uk,Female,50.212.82.107
55,Benjamin,Young,byoung1i@booking.com,Male,113.93.80.70
56,Brenda,Cole,bcole1j@paginegialle.it,Female,216.157.19.56
57,Jennifer,Jenkins,jjenkins1k@jimdo.com,Female,211.11.176.249
58,Michael,Jones,mjones1l@netscape.com,Male,109.87.133.107
59,Fred,Romero,fromero1m@miitbeian.gov.cn,Male,203.152.95.152
60,Timothy,Hawkins,thawkins1n@patch.com,Male,232.177.55.99
61,Norma,Edwards,nedwards1o@sfgate.com,Female,168.184.129.219
62,Larry,Perez,lperez1p@globo.com,Male,64.248.193.235
63,Gregory,Patterson,gpatterson1q@google.nl,Male,221.30.134.237
64,Gloria,King,gking1r@technorati.com,Female,115.93.132.197
65,Julia,Cunningham,jcunningham1s@domainmarket.com,Female,23.177.253.83
66,Evelyn,Henderson,ehenderson1t@kickstarter.com,Female,200.212.60.253
67,Carlos,Morgan,cmorgan1u@answers.com,Male,77.123.106.237
68,Robert,Tucker,rtucker1v@a8.net,Male,78.43.151.38
69,Shawn,Stephens,sstephens1w@alibaba.com,Male,74.57.40.209
70,Eugene,Austin,eaustin1x@state.tx.us,Male,119.183.148.7
71,Julia,Howell,jhowell1y@biglobe.ne.jp,Female,89.175.231.48
72,Carolyn,Williams,cwilliams1z@angelfire.com,Female,33.194.186.249
73,Victor,Banks,vbanks20@google.com,Male,161.139.82.9
74,Julie,Russell,jrussell21@pen.io,Female,97.19.140.227
75,Denise,Perry,dperry22@canalblog.com,Female,162.197.13.17
76,Gloria,Campbell,gcampbell23@w3.org,Female,251.179.123.23
77,Andrew,Frazier,afrazier24@mozilla.org,Male,115.0.210.128
78,Kevin,Banks,kbanks25@wsj.com,Male,6.30.78.239
79,Arthur,Palmer,apalmer26@irs.gov,Male,192.29.10.205
80,Patricia,Matthews,pmatthews27@arstechnica.com,Female,141.74.56.114
81,Ruth,Flores,rflores28@howstuffworks.com,Female,65.248.208.78
82,Roger,Hughes,rhughes29@nifty.com,Male,106.179.144.83
83,Nicole,Hanson,nhanson2a@msn.com,Female,214.217.197.62
84,Eric,Adams,eadams2b@wikimedia.org,Male,9.100.93.192
85,Irene,Olson,iolson2c@edublogs.org,Female,142.142.96.56
86,Diane,Cole,dcole2d@dion.ne.jp,Female,93.188.109.34
87,Richard,Cook,rcook2e@webeden.co.uk,Male,10.18.213.247
88,Evelyn,Pierce,epierce2f@irs.gov,Female,66.222.225.208
89,Raymond,Turner,rturner2g@csmonitor.com,Male,81.185.198.120
90,Helen,Fox,hfox2h@ehow.com,Female,200.229.81.64
91,Kimberly,Alvarez,kalvarez2i@diigo.com,Female,221.198.215.98
92,Kathy,Simmons,ksimmons2j@hubpages.com,Female,134.255.254.28
93,Robin,Wright,rwright2k@cam.ac.uk,Female,92.251.149.101
94,Todd,Wright,twright2l@hao123.com,Male,96.245.186.161
95,Teresa,Lee,tlee2m@telegraph.co.uk,Female,189.119.30.18
96,Kelly,Medina,kmedina2n@e-recht24.de,Female,9.114.135.191
97,Jessica,Brooks,jbrooks2o@imgur.com,Female,103.130.79.56
98,Randy,Graham,rgraham2p@wisc.edu,Male,19.141.114.233
99,Matthew,Richards,mrichards2q@smh.com.au,Male,8.196.131.141
100,Sara,Sims,ssims2r@java.com,Female,123.133.107.73
101,Clarence,Gonzalez,cgonzalez2s@printfriendly.com,Male,30.21.253.148
102,Emily,Carter,ecarter2t@bigcartel.com,Female,0.183.43.196
103,Lawrence,Mcdonald,lmcdonald2u@usda.gov,Male,212.223.247.166
104,Andrea,Riley,ariley2v@google.com.hk,Female,163.81.19.49
105,Scott,Lynch,slynch2w@tiny.cc,Male,159.114.226.10
106,Alan,Hughes,ahughes2x@google.de,Male,140.53.96.149
107,Annie,Marshall,amarshall2y@hubpages.com,Female,99.168.74.233
108,Anna,Snyder,asnyder2z@bloglines.com,Female,9.23.153.16
109,Jeremy,Chavez,jchavez30@privacy.gov.au,Male,244.213.110.175
110,Patricia,Rose,prose31@miibeian.gov.cn,Female,253.16.90.192
111,Kimberly,Medina,kmedina32@ftc.gov,Female,88.4.209.123
112,Bobby,Bell,bbell33@icio.us,Male,95.226.145.235
113,Ernest,Harper,eharper34@google.co.uk,Male,15.91.250.110
114,Arthur,Arnold,aarnold35@phpbb.com,Male,67.210.197.111
115,Anthony,King,aking36@census.gov,Male,136.99.39.37
116,Adam,Baker,abaker37@cargocollective.com,Male,173.234.245.208
117,Nancy,Stanley,nstanley38@technorati.com,Female,84.244.230.127
118,Tammy,Peterson,tpeterson39@ftc.gov,Female,197.57.219.75
119,Bobby,Gonzalez,bgonzalez3a@webeden.co.uk,Male,161.59.190.110
120,Dennis,Burton,dburton3b@rakuten.co.jp,Male,242.250.7.209
121,Joseph,Armstrong,jarmstrong3c@google.com.hk,Male,24.70.193.127
122,Brenda,Simpson,bsimpson3d@w3.org,Female,132.188.54.209
123,Jonathan,Rogers,jrogers3e@fastcompany.com,Male,231.220.22.147
124,Rebecca,Cox,rcox3f@hud.gov,Female,12.102.57.182
125,Nicholas,Martinez,nmartinez3g@constantcontact.com,Male,134.81.14.236
126,Nancy,Coleman,ncoleman3h@opera.com,Female,203.127.137.247
127,Edward,Webb,ewebb3i@elpais.com,Male,171.85.246.205
128,Anthony,Perez,aperez3j@rambler.ru,Male,87.39.218.136
129,Robin,Lawson,rlawson3k@boston.com,Female,238.35.132.77
130,Clarence,Matthews,cmatthews3l@networksolutions.com,Male,233.134.193.250
131,Judith,Arnold,jarnold3m@cisco.com,Female,55.20.39.80
132,Virginia,Murphy,vmurphy3n@prlog.org,Female,194.205.22.200
133,Denise,Reynolds,dreynolds3o@msn.com,Female,72.176.208.21
134,Carol,Ellis,cellis3p@geocities.com,Female,62.227.59.154
135,Mary,Hamilton,mhamilton3q@oakley.com,Female,184.205.4.220
136,Michelle,Ramos,mramos3r@tripod.com,Female,157.13.222.93
137,Deborah,Ruiz,druiz3s@exblog.jp,Female,95.200.141.234
138,Maria,Burton,mburton3t@admin.ch,Female,68.170.198.46
139,Patricia,Hill,phill3u@theatlantic.com,Female,136.255.142.42
140,Christina,Stone,cstone3v@mit.edu,Female,200.186.248.196
141,John,Cox,jcox3w@artisteer.com,Male,38.61.196.170
142,Amanda,Harrison,aharrison3x@liveinternet.ru,Female,44.167.252.37
143,Craig,Walker,cwalker3y@blinklist.com,Male,36.115.136.22
144,Elizabeth,Parker,eparker3z@t.co,Female,136.211.247.29
145,Linda,Cook,lcook40@globo.com,Female,178.246.135.115
146,Beverly,Hanson,bhanson41@seattletimes.com,Female,83.72.57.169
147,Nicholas,Hall,nhall42@nydailynews.com,Male,66.83.182.174
148,Donna,Ryan,dryan43@virginia.edu,Female,186.85.22.174
149,Kathleen,Phillips,kphillips44@mayoclinic.com,Female,189.134.212.112
150,Stephanie,Bradley,sbradley45@seesaa.net,Female,91.91.7.248
151,Roy,Gutierrez,rgutierrez46@netvibes.com,Male,82.65.56.2
152,Theresa,Gonzalez,tgonzalez47@scribd.com,Female,1.107.19.241
153,Jean,Johnston,jjohnston48@nature.com,Female,25.62.146.53
154,Philip,Barnes,pbarnes49@comsenz.com,Male,134.68.21.193
155,Jeremy,Mccoy,jmccoy4a@edublogs.org,Male,168.192.150.240
156,Patricia,Freeman,pfreeman4b@zimbio.com,Female,53.28.148.240
157,Christina,Simmons,csimmons4c@moonfruit.com,Female,62.163.134.29
158,Scott,Parker,sparker4d@so-net.ne.jp,Male,78.3.15.73
159,Elizabeth,Ross,eross4e@cpanel.net,Female,200.150.251.104
160,Jeffrey,Porter,jporter4f@github.com,Male,33.136.91.106
161,Anna,Rose,arose4g@elegantthemes.com,Female,218.37.28.81
162,Jacqueline,Flores,jflores4h@wunderground.com,Female,118.246.158.212
163,Christina,Bailey,cbailey4i@webs.com,Female,137.242.69.190
164,Thomas,Morgan,tmorgan4j@webnode.com,Male,174.134.175.191
165,Pamela,Medina,pmedina4k@google.ru,Female,151.241.222.34
166,Mark,Moore,mmoore4l@posterous.com,Male,111.242.204.234
167,Patricia,Graham,pgraham4m@cbsnews.com,Female,75.31.229.6
168,Martha,Cooper,mcooper4n@instagram.com,Female,222.70.126.248
169,Sharon,Martin,smartin4o@rambler.ru,Female,94.9.252.180
170,Carol,Robinson,crobinson4p@xrea.com,Female,200.187.34.4
171,Eugene,Wallace,ewallace4q@telegraph.co.uk,Male,249.206.14.173
172,Paula,Davis,pdavis4r@tuttocitta.it,Female,192.43.57.100
173,Douglas,Duncan,dduncan4s@wikispaces.com,Male,254.154.73.179
174,Paul,Taylor,ptaylor4t@about.me,Male,164.45.188.245
175,Gregory,Jenkins,gjenkins4u@amazon.com,Male,173.185.177.175
176,Sarah,Arnold,sarnold4v@google.cn,Female,153.151.136.243
177,Joyce,Diaz,jdiaz4w@uiuc.edu,Female,29.152.213.83
178,Nicole,Bryant,nbryant4x@opensource.org,Female,144.157.21.227
179,Todd,Ferguson,tferguson4y@forbes.com,Male,94.137.10.80
180,Jessica,Myers,jmyers4z@technorati.com,Female,0.72.163.106
181,Larry,Schmidt,lschmidt50@cam.ac.uk,Male,252.73.234.182
182,Ryan,Stevens,rstevens51@devhub.com,Male,21.232.92.83
183,Frank,Peterson,fpeterson52@e-recht24.de,Male,14.16.96.84
184,Susan,Carroll,scarroll53@cpanel.net,Female,160.255.22.187
185,Paula,Harper,pharper54@youtube.com,Female,227.143.222.67
186,Matthew,Matthews,mmatthews55@devhub.com,Male,83.103.236.56
187,Howard,Flores,hflores56@reference.com,Male,62.235.121.28
188,Nicholas,Morgan,nmorgan57@squidoo.com,Male,167.224.116.234
189,Alan,Vasquez,avasquez58@dropbox.com,Male,206.243.201.216
190,Thomas,Porter,tporter59@salon.com,Male,49.121.140.219
191,Michelle,Carter,mcarter5a@netvibes.com,Female,183.14.194.144
192,Larry,Franklin,lfranklin5b@forbes.com,Male,50.221.17.7
193,Lawrence,Sullivan,lsullivan5c@adobe.com,Male,31.250.50.71
194,Jonathan,Bennett,jbennett5d@webs.com,Male,88.184.133.169
195,Helen,Reyes,hreyes5e@aboutads.info,Female,142.202.135.248
196,Anna,Alvarez,aalvarez5f@artisteer.com,Female,131.7.156.183
197,Ashley,Bradley,abradley5g@blinklist.com,Female,110.4.182.73
198,Julia,Crawford,jcrawford5h@google.es,Female,94.104.36.37
199,Amy,Bennett,abennett5i@craigslist.org,Female,28.168.96.1
200,Billy,Mason,bmason5j@sina.com.cn,Male,71.110.59.64
201,Benjamin,Morrison,bmorrison5k@eepurl.com,Male,130.81.162.197
202,Janet,Spencer,jspencer5l@squidoo.com,Female,191.67.63.22
203,Jennifer,Robinson,jrobinson5m@hexun.com,Female,65.145.142.198
204,Todd,Harris,tharris5n@washingtonpost.com,Male,190.128.177.98
205,Mary,Robinson,mrobinson5o@hao123.com,Female,240.112.190.6
206,Ashley,Freeman,afreeman5p@vistaprint.com,Female,55.83.134.157
207,Betty,Lynch,blynch5q@lulu.com,Female,234.240.115.94
208,Ernest,Price,eprice5r@dyndns.org,Male,197.115.67.87
209,Craig,Diaz,cdiaz5s@ning.com,Male,121.14.80.232
210,Wayne,Romero,wromero5t@sourceforge.net,Male,42.106.107.40
211,James,Gardner,jgardner5u@ning.com,Male,223.113.116.202
212,Norma,James,njames5v@samsung.com,Female,82.158.124.224
213,Janice,Henry,jhenry5w@dailymail.co.uk,Female,71.237.231.168
214,Antonio,Gutierrez,agutierrez5x@forbes.com,Male,179.109.6.100
215,Victor,Carpenter,vcarpenter5y@pcworld.com,Male,217.106.162.217
216,Teresa,Duncan,tduncan5z@cnbc.com,Female,41.251.226.203
217,Clarence,Holmes,cholmes60@xing.com,Male,78.33.182.27
218,Judy,Hamilton,jhamilton61@sun.com,Female,178.86.26.155
219,Victor,Bowman,vbowman62@wordpress.org,Male,5.185.46.44
220,Kevin,Mills,kmills63@xinhuanet.com,Male,211.4.9.73
221,Billy,Rodriguez,brodriguez64@digg.com,Male,92.49.26.210
222,Brenda,Ryan,bryan65@dailymotion.com,Female,15.38.9.244
223,Barbara,Bryant,bbryant66@jimdo.com,Female,185.163.255.31
224,Jose,Cooper,jcooper67@oakley.com,Male,164.67.26.82
225,Irene,Knight,iknight68@google.de,Female,231.66.48.252
226,Albert,Mccoy,amccoy69@i2i.jp,Male,10.125.5.189
227,Robin,Mccoy,rmccoy6a@alexa.com,Female,96.125.199.237
228,Steve,Allen,sallen6b@wikia.com,Male,123.166.77.251
229,Julia,Cox,jcox6c@nasa.gov,Female,89.62.182.216
230,Wanda,Riley,wriley6d@skyrock.com,Female,77.147.162.13
231,Joan,Gray,jgray6e@soup.io,Female,153.149.63.70
232,Randy,Watson,rwatson6f@apache.org,Male,82.255.105.233
233,Randy,Dunn,rdunn6g@chicagotribune.com,Male,64.208.241.60
234,Gloria,Williams,gwilliams6h@shareasale.com,Female,228.152.61.145
235,Brian,Harvey,bharvey6i@linkedin.com,Male,223.248.206.216
236,Chris,Richards,crichards6j@gov.uk,Male,41.246.192.128
237,Lori,Roberts,lroberts6k@nifty.com,Female,77.220.86.227
238,Theresa,Graham,tgraham6l@1688.com,Female,134.178.105.233
239,Betty,Webb,bwebb6m@cafepress.com,Female,238.30.40.208
240,Jack,Howell,jhowell6n@slideshare.net,Male,44.164.97.27
241,Arthur,Smith,asmith6o@quantcast.com,Male,13.222.100.152
242,Douglas,Lopez,dlopez6p@constantcontact.com,Male,208.216.135.77
243,Gary,Richardson,grichardson6q@icio.us,Male,167.5.202.196
244,Steve,Greene,sgreene6r@merriam-webster.com,Male,128.141.10.73
245,Randy,Garrett,rgarrett6s@newyorker.com,Male,79.96.208.32
246,Daniel,Duncan,dduncan6t@t.co,Male,67.217.45.206
247,Ralph,Fields,rfields6u@ox.ac.uk,Male,10.221.238.87
248,Scott,Robinson,srobinson6v@miibeian.gov.cn,Male,188.51.203.92
249,Billy,King,bking6w@craigslist.org,Male,4.34.119.106
250,Brian,Schmidt,bschmidt6x@woothemes.com,Male,116.72.92.32
251,Lisa,Franklin,lfranklin6y@unblog.fr,Female,10.131.38.26
252,Diane,Ray,dray6z@123-reg.co.uk,Female,233.58.94.161
253,Julia,Torres,jtorres70@pen.io,Female,16.91.189.26
254,Laura,Reid,lreid71@sciencedirect.com,Female,241.214.141.232
255,Ernest,Bishop,ebishop72@wunderground.com,Male,49.98.191.87
256,Angela,Long,along73@narod.ru,Female,133.94.100.213
257,Craig,Cook,ccook74@1und1.de,Male,243.185.121.26
258,Richard,Hayes,rhayes75@oracle.com,Male,63.40.147.52
259,Jimmy,Peters,jpeters76@dedecms.com,Male,98.161.23.98
260,Jack,Alexander,jalexander77@unesco.org,Male,183.132.208.143
261,Ashley,Willis,awillis78@miibeian.gov.cn,Female,56.173.22.248
262,Tina,Martinez,tmartinez79@google.de,Female,163.176.86.204
263,Sean,Price,sprice7a@cnbc.com,Male,139.42.102.50
264,Elizabeth,Warren,ewarren7b@amazon.de,Female,110.43.105.227
265,William,Garcia,wgarcia7c@state.tx.us,Male,247.187.164.101
266,Helen,Wells,hwells7d@netlog.com,Female,241.194.34.91
267,Diana,Snyder,dsnyder7e@wikimedia.org,Female,119.107.205.158
268,Earl,Phillips,ephillips7f@meetup.com,Male,186.53.38.78
269,Frances,Hernandez,fhernandez7g@adobe.com,Female,105.252.186.249
270,Donna,Wheeler,dwheeler7h@amazon.de,Female,253.166.110.35
271,Jimmy,Long,jlong7i@skyrock.com,Male,62.196.46.106
272,Ralph,Lopez,rlopez7j@cnet.com,Male,30.76.201.141
273,Ryan,Simpson,rsimpson7k@webnode.com,Male,30.46.3.185
274,Donna,Castillo,dcastillo7l@businessinsider.com,Female,101.42.76.66
275,Susan,Gomez,sgomez7m@ning.com,Female,73.250.236.129
276,Donna,Nichols,dnichols7n@gmpg.org,Female,83.175.217.36
277,Thomas,Hayes,thayes7o@rakuten.co.jp,Male,187.39.56.105
278,Jonathan,Lopez,jlopez7p@irs.gov,Male,164.187.130.238
279,Samuel,Wagner,swagner7q@is.gd,Male,151.26.186.221
280,Kathleen,Phillips,kphillips7r@cornell.edu,Female,243.240.216.4
281,Craig,King,cking7s@imageshack.us,Male,199.113.64.109
282,Debra,Ramos,dramos7t@vk.com,Female,98.219.204.154
283,Susan,Rivera,srivera7u@wikipedia.org,Female,193.143.139.195
284,Beverly,Owens,bowens7v@fc2.com,Female,39.237.209.212
285,Lawrence,Carr,lcarr7w@godaddy.com,Male,125.75.87.107
286,Elizabeth,Hart,ehart7x@ucla.edu,Female,59.121.103.143
287,Sara,Thompson,sthompson7y@yelp.com,Female,80.20.122.140
288,Andrea,Ray,aray7z@nature.com,Female,143.244.98.4
289,Barbara,Hanson,bhanson80@google.com,Female,246.166.228.205
290,Margaret,Meyer,mmeyer81@studiopress.com,Female,6.51.239.35
291,Raymond,Nelson,rnelson82@issuu.com,Male,31.36.201.147
292,Denise,Johnston,djohnston83@cisco.com,Female,250.114.112.109
293,Beverly,Jacobs,bjacobs84@wikimedia.org,Female,32.225.77.181
294,Gregory,Lewis,glewis85@omniture.com,Male,139.178.125.147
295,Roger,Larson,rlarson86@ezinearticles.com,Male,203.211.230.101
296,Gloria,Gray,ggray87@hao123.com,Female,253.107.98.50
297,Tammy,Patterson,tpatterson88@engadget.com,Female,181.30.210.187
298,Keith,Ramirez,kramirez89@oracle.com,Male,237.182.102.37
299,Gloria,Cox,gcox8a@google.cn,Female,91.16.47.115
300,Ann,Stone,astone8b@blogtalkradio.com,Female,54.195.188.19
301,Helen,Hansen,hhansen8c@dedecms.com,Female,16.171.133.246
302,Nicole,Ray,nray8d@sciencedaily.com,Female,247.110.114.16
303,Charles,Stewart,cstewart8e@ustream.tv,Male,251.125.94.140
304,Teresa,Mccoy,tmccoy8f@cargocollective.com,Female,140.32.14.95
305,Bruce,Coleman,bcoleman8g@engadget.com,Male,43.102.159.107
306,Roger,Peterson,rpeterson8h@stumbleupon.com,Male,23.5.218.22
307,Walter,Mcdonald,wmcdonald8i@altervista.org,Male,231.250.220.129
308,Cheryl,Hunt,chunt8j@1688.com,Female,54.64.64.14
309,Martha,Russell,mrussell8k@engadget.com,Female,253.254.249.148
310,Sean,Armstrong,sarmstrong8l@nih.gov,Male,88.214.45.130
311,Karen,Graham,kgraham8m@shutterfly.com,Female,247.105.237.97
312,Justin,Romero,jromero8n@purevolume.com,Male,142.229.39.31
313,Matthew,Hunter,mhunter8o@guardian.co.uk,Male,142.199.15.218
314,Edward,Robertson,erobertson8p@europa.eu,Male,252.242.42.92
315,Bonnie,Castillo,bcastillo8q@marketwatch.com,Female,239.92.126.248
316,Sandra,Torres,storres8r@miibeian.gov.cn,Female,42.179.70.242
317,Louise,Arnold,larnold8s@latimes.com,Female,151.115.219.223
318,Brandon,Gardner,bgardner8t@imgur.com,Male,226.166.110.29
319,Margaret,Morgan,mmorgan8u@mac.com,Female,141.221.185.27
320,Frances,Richardson,frichardson8v@youku.com,Female,54.72.100.197
321,Andrea,Moore,amoore8w@nsw.gov.au,Female,189.184.107.198
322,Bruce,Cooper,bcooper8x@istockphoto.com,Male,247.226.166.225
323,Melissa,Garrett,mgarrett8y@ucsd.edu,Female,10.21.108.137
324,Marie,Price,mprice8z@wisc.edu,Female,152.219.155.11
325,Gloria,George,ggeorge90@goo.gl,Female,159.5.119.236
326,Frank,Bowman,fbowman91@homestead.com,Male,19.229.217.50
327,Peter,Mcdonald,pmcdonald92@qq.com,Male,81.40.50.208
328,Matthew,Rice,mrice93@seesaa.net,Male,123.220.94.68
329,Keith,Arnold,karnold94@psu.edu,Male,1.212.20.241
330,Scott,Alvarez,salvarez95@disqus.com,Male,202.47.23.42
331,Kathryn,Crawford,kcrawford96@facebook.com,Female,9.184.146.45
332,Jacqueline,Kennedy,jkennedy97@google.es,Female,100.16.37.240
333,Robert,Davis,rdavis98@theglobeandmail.com,Male,143.93.194.30
334,Mildred,Morgan,mmorgan99@addthis.com,Female,163.38.240.49
335,Carol,Dean,cdean9a@cisco.com,Female,216.210.112.100
336,Andrea,Ford,aford9b@paginegialle.it,Female,189.135.136.86
337,Jesse,Butler,jbutler9c@epa.gov,Male,2.172.84.91
338,Ann,Fields,afields9d@goodreads.com,Female,109.141.239.142
339,Norma,Morgan,nmorgan9e@feedburner.com,Female,182.180.92.100
340,Billy,Schmidt,bschmidt9f@mlb.com,Male,190.252.153.42
341,Matthew,Gomez,mgomez9g@yale.edu,Male,184.43.226.138
342,Anna,Scott,ascott9h@un.org,Female,58.182.133.29
343,Dorothy,Hicks,dhicks9i@flickr.com,Female,103.168.10.209
344,Kimberly,Moreno,kmoreno9j@histats.com,Female,75.253.203.164
345,Carolyn,Walker,cwalker9k@admin.ch,Female,160.160.166.13
346,William,Dixon,wdixon9l@umich.edu,Male,138.163.212.205
347,Brian,Ferguson,bferguson9m@netlog.com,Male,8.29.153.94
348,Jesse,Reed,jreed9n@squarespace.com,Male,115.254.249.122
349,Craig,Hughes,chughes9o@gnu.org,Male,174.58.47.207
350,Judith,Frazier,jfrazier9p@ycombinator.com,Female,10.6.123.42
351,Rebecca,Stone,rstone9q@google.pl,Female,23.101.248.130
352,Pamela,Phillips,pphillips9r@infoseek.co.jp,Female,97.22.242.72
353,Joseph,Ortiz,jortiz9s@craigslist.org,Male,224.162.175.89
354,Antonio,Carr,acarr9t@disqus.com,Male,234.47.248.240
355,Teresa,Henderson,thenderson9u@nymag.com,Female,170.168.162.151
356,Betty,Porter,bporter9v@google.nl,Female,12.97.250.168
357,Daniel,Griffin,dgriffin9w@loc.gov,Male,163.221.210.166
358,Jacqueline,Gutierrez,jgutierrez9x@bandcamp.com,Female,55.163.100.203
359,Phyllis,Miller,pmiller9y@princeton.edu,Female,7.71.186.89
360,Ernest,Stevens,estevens9z@comsenz.com,Male,162.73.224.84
361,Carolyn,Sanders,csandersa0@umn.edu,Female,211.249.232.57
362,Roger,Flores,rfloresa1@theatlantic.com,Male,249.96.179.253
363,Stephanie,Gonzalez,sgonzaleza2@salon.com,Female,28.221.162.161
364,Kimberly,Wallace,kwallacea3@linkedin.com,Female,218.218.160.68
365,Denise,Kennedy,dkennedya4@wp.com,Female,234.57.207.14
366,Bruce,Gibson,bgibsona5@liveinternet.ru,Male,63.198.51.4
367,Jason,Gilbert,jgilberta6@mapquest.com,Male,45.231.56.232
368,Jonathan,Martinez,jmartineza7@dyndns.org,Male,185.68.66.84
369,Juan,Parker,jparkera8@ezinearticles.com,Male,188.83.86.202
370,Paula,Owens,powensa9@unc.edu,Female,134.200.26.62
371,Amy,Martin,amartinaa@amazon.co.uk,Female,34.156.36.100
372,Earl,Rogers,erogersab@mediafire.com,Male,240.110.238.229
373,Eric,Reynolds,ereynoldsac@cbslocal.com,Male,9.132.206.239
374,Randy,Patterson,rpattersonad@wired.com,Male,65.201.101.112
375,Kelly,Freeman,kfreemanae@flavors.me,Female,115.148.74.251
376,Cynthia,Berry,cberryaf@taobao.com,Female,220.165.42.132
377,Benjamin,Wheeler,bwheelerag@netscape.com,Male,140.104.142.224
378,Samuel,Howard,showardah@studiopress.com,Male,238.96.224.10
379,Michelle,Harris,mharrisai@seesaa.net,Female,79.203.29.211
380,Marie,Holmes,mholmesaj@gravatar.com,Female,106.2.99.175
381,Andrea,Shaw,ashawak@reverbnation.com,Female,166.151.14.113
382,Stephanie,Garcia,sgarciaal@cam.ac.uk,Female,128.93.177.200
383,Mary,Scott,mscottam@hatena.ne.jp,Female,111.87.85.193
384,Louise,Franklin,lfranklinan@amazon.co.jp,Female,24.254.11.36
385,Linda,Mitchell,lmitchellao@un.org,Female,167.96.200.172
386,Edward,Matthews,ematthewsap@europa.eu,Male,75.103.184.171
387,Amy,Hamilton,ahamiltonaq@wiley.com,Female,143.107.252.157
388,Joe,Rivera,jriveraar@ehow.com,Male,121.212.96.173
389,Susan,Perkins,sperkinsas@wordpress.com,Female,186.53.219.162
390,George,Morrison,gmorrisonat@phpbb.com,Male,170.77.94.164
391,Todd,Lee,tleeau@free.fr,Male,247.196.181.214
392,Anthony,Cruz,acruzav@addtoany.com,Male,1.91.192.238
393,Laura,Vasquez,lvasquezaw@youtu.be,Female,96.107.159.103
394,Anthony,Gonzales,agonzalesax@cmu.edu,Male,103.228.80.167
395,Robert,Ramirez,rramirezay@163.com,Male,234.195.84.43
396,Eugene,Ford,efordaz@aboutads.info,Male,247.4.67.57
397,Keith,Ray,krayb0@google.co.uk,Male,122.5.13.239
398,Stephanie,Garrett,sgarrettb1@bing.com,Female,154.165.238.170
399,Evelyn,Arnold,earnoldb2@mozilla.org,Female,15.172.10.81
400,Michelle,Webb,mwebbb3@livejournal.com,Female,146.209.68.207
401,Kenneth,Morris,kmorrisb4@imgur.com,Male,215.146.73.248
402,Heather,Morgan,hmorganb5@hugedomains.com,Female,207.111.146.226
403,Tammy,Dunn,tdunnb6@discovery.com,Female,183.5.95.130
404,Norma,Crawford,ncrawfordb7@youtube.com,Female,44.193.213.230
405,Kevin,Jackson,kjacksonb8@npr.org,Male,242.133.62.7
406,Nicole,Hunt,nhuntb9@youtube.com,Female,193.96.129.37
407,Debra,Stone,dstoneba@csmonitor.com,Female,228.247.100.110
408,Willie,Gutierrez,wgutierrezbb@hhs.gov,Male,134.198.228.93
409,Howard,Day,hdaybc@newsvine.com,Male,111.162.226.168
410,Lisa,Kelley,lkelleybd@walmart.com,Female,206.127.49.76
411,Rachel,Smith,rsmithbe@youtube.com,Female,64.196.243.227
412,Michael,Mason,mmasonbf@imdb.com,Male,53.16.130.64
413,Paula,Payne,ppaynebg@bravesites.com,Female,32.142.51.251
414,Arthur,Myers,amyersbh@nbcnews.com,Male,41.179.138.8
415,Stephen,Long,slongbi@ifeng.com,Male,192.113.195.119
416,Nicole,Burke,nburkebj@nhs.uk,Female,209.110.109.68
417,Joseph,Gonzalez,jgonzalezbk@apple.com,Male,26.77.35.55
418,Brian,Wallace,bwallacebl@simplemachines.org,Male,13.190.127.141
419,Timothy,Lee,tleebm@usa.gov,Male,202.170.32.206
420,Douglas,Hunt,dhuntbn@ebay.com,Male,196.12.9.95
421,Henry,Brooks,hbrooksbo@myspace.com,Male,34.217.143.37
422,Evelyn,Wells,ewellsbp@com.com,Female,147.31.58.98
423,Harold,Mendoza,hmendozabq@yellowbook.com,Male,117.21.152.53
424,Joyce,Anderson,jandersonbr@netvibes.com,Female,101.119.28.208
425,Jerry,Richardson,jrichardsonbs@hexun.com,Male,37.213.249.17
426,Ernest,Wells,ewellsbt@rakuten.co.jp,Male,25.155.11.2
427,Willie,Welch,wwelchbu@disqus.com,Male,107.199.136.203
428,Carolyn,Tucker,ctuckerbv@opera.com,Female,168.11.89.13
429,Jerry,Wagner,jwagnerbw@smh.com.au,Male,140.59.108.163
430,Karen,Brooks,kbrooksbx@nps.gov,Female,75.111.80.86
431,Barbara,Hanson,bhansonby@twitpic.com,Female,134.39.124.4
432,James,Perkins,jperkinsbz@youtu.be,Male,248.69.161.0
433,John,Franklin,jfranklinc0@linkedin.com,Male,106.116.11.49
434,Julie,Stevens,jstevensc1@biglobe.ne.jp,Female,77.174.160.129
435,Harry,Long,hlongc2@zdnet.com,Male,127.222.32.164
436,Harold,Hayes,hhayesc3@bbb.org,Male,104.91.211.131
437,Tammy,Banks,tbanksc4@huffingtonpost.com,Female,57.134.43.233
438,Joseph,Reid,jreidc5@columbia.edu,Male,68.98.26.163
439,Adam,Barnes,abarnesc6@ask.com,Male,141.200.106.188
440,Charles,Johnston,cjohnstonc7@studiopress.com,Male,224.114.205.114
441,Douglas,Collins,dcollinsc8@imdb.com,Male,231.106.225.46
442,Lois,Vasquez,lvasquezc9@nhs.uk,Female,118.6.39.246
443,Marilyn,Scott,mscottca@latimes.com,Female,245.149.86.125
444,Brandon,Carr,bcarrcb@wikia.com,Male,122.93.70.238
445,Mary,Olson,molsoncc@boston.com,Female,101.200.113.202
446,Roger,Hill,rhillcd@nhs.uk,Male,16.43.206.30
447,Donald,Murray,dmurrayce@wunderground.com,Male,113.57.34.68
448,Antonio,Adams,aadamscf@hatena.ne.jp,Male,240.180.123.166
449,Gloria,Johnston,gjohnstoncg@japanpost.jp,Female,143.248.119.48
450,Edward,Schmidt,eschmidtch@samsung.com,Male,124.114.247.71
451,Marilyn,Stone,mstoneci@thetimes.co.uk,Female,52.155.110.52
452,Craig,Phillips,cphillipscj@seattletimes.com,Male,178.123.92.77
453,Elizabeth,Johnson,ejohnsonck@yale.edu,Female,57.37.170.81
454,Angela,Gomez,agomezcl@msn.com,Female,227.131.232.132
455,Brenda,Gonzales,bgonzalescm@blogspot.com,Female,169.174.161.81
456,Alan,Austin,aaustincn@ameblo.jp,Male,89.208.40.10
457,Theresa,Holmes,tholmesco@tiny.cc,Female,242.217.150.252
458,Earl,Ramirez,eramirezcp@elpais.com,Male,36.162.81.249
459,James,Ramirez,jramirezcq@yolasite.com,Male,226.202.34.40
460,Patrick,Wilson,pwilsoncr@freewebs.com,Male,118.169.237.254
461,Joseph,Parker,jparkercs@examiner.com,Male,167.87.84.188
462,Jose,Simpson,jsimpsonct@telegraph.co.uk,Male,139.134.149.235
463,Kenneth,Howell,khowellcu@statcounter.com,Male,40.123.120.84
464,Justin,Hernandez,jhernandezcv@sogou.com,Male,171.143.65.72
465,Chris,Riley,crileycw@vistaprint.com,Male,152.143.152.15
466,Janet,Henry,jhenrycx@indiatimes.com,Female,181.52.119.228
467,Lawrence,Campbell,lcampbellcy@digg.com,Male,250.18.167.107
468,Steve,Nelson,snelsoncz@scientificamerican.com,Male,229.237.18.67
469,Bruce,Harvey,bharveyd0@freewebs.com,Male,5.141.90.58
470,Larry,Stephens,lstephensd1@hao123.com,Male,130.143.22.138
471,Anna,Garza,agarzad2@flickr.com,Female,120.191.54.81
472,Martin,Jordan,mjordand3@canalblog.com,Male,231.217.57.145
473,Stephanie,Watson,swatsond4@chron.com,Female,127.61.44.111
474,Rachel,Simpson,rsimpsond5@apache.org,Female,140.46.131.68
475,Amanda,Reyes,areyesd6@apple.com,Female,135.144.99.201
476,Amanda,Burke,aburked7@businesswire.com,Female,45.183.38.86
477,Marilyn,Kennedy,mkennedyd8@auda.org.au,Female,73.19.169.144
478,Carol,Mason,cmasond9@yahoo.com,Female,192.192.6.185
479,Philip,Webb,pwebbda@un.org,Male,160.6.168.103
480,Tammy,Sanders,tsandersdb@mozilla.org,Female,230.30.3.140
481,Phyllis,Peterson,ppetersondc@soup.io,Female,110.226.173.78
482,Todd,Harrison,tharrisondd@hao123.com,Male,171.104.99.199
483,Lori,Kennedy,lkennedyde@nydailynews.com,Female,128.141.219.115
484,Terry,Daniels,tdanielsdf@163.com,Male,204.63.229.118
485,Brenda,Knight,bknightdg@t-online.de,Female,190.164.167.52
486,Ashley,Wright,awrightdh@istockphoto.com,Female,129.59.79.98
487,Maria,Wood,mwooddi@apple.com,Female,165.14.65.175
488,Lillian,Little,llittledj@psu.edu,Female,150.128.10.66
489,Robin,Morrison,rmorrisondk@facebook.com,Female,122.17.210.201
490,Earl,Pierce,epiercedl@spiegel.de,Male,153.230.32.180
491,Donald,Nelson,dnelsondm@boston.com,Male,108.129.242.238
492,Jerry,Hughes,jhughesdn@wikipedia.org,Male,163.16.229.88
493,Ernest,Reid,ereiddo@washingtonpost.com,Male,112.128.201.243
494,Alan,Arnold,aarnolddp@diigo.com,Male,33.82.249.206
495,Andrew,Adams,aadamsdq@feedburner.com,Male,74.104.194.94
496,Stephen,Hernandez,shernandezdr@scientificamerican.com,Male,101.228.8.134
497,Deborah,Ruiz,druizds@yolasite.com,Female,252.24.15.32
498,Catherine,Moore,cmooredt@t.co,Female,245.250.85.8
499,Jessica,West,jwestdu@ustream.tv,Female,11.60.150.128
500,Anna,Larson,alarsondv@networkadvertising.org,Female,143.13.232.105
501,Phyllis,Lawson,plawsondw@deliciousdays.com,Female,33.50.26.185
502,Elizabeth,Ramos,eramosdx@hud.gov,Female,112.143.129.218
503,Alan,Clark,aclarkdy@arizona.edu,Male,179.246.160.110
504,Thomas,Cooper,tcooperdz@goodreads.com,Male,90.175.27.71
505,Anthony,Boyd,aboyde0@live.com,Male,39.55.218.245
506,Sharon,Romero,sromeroe1@state.gov,Female,41.80.197.244
507,Charles,Gibson,cgibsone2@amazon.co.uk,Male,38.68.224.121
508,Harry,Hudson,hhudsone3@ed.gov,Male,202.108.196.132
509,Doris,Dean,ddeane4@surveymonkey.com,Female,254.221.62.59
510,Joseph,Morgan,jmorgane5@wix.com,Male,117.78.167.15
511,Amanda,Medina,amedinae6@archive.org,Female,115.224.26.9
512,Kathleen,Marshall,kmarshalle7@edublogs.org,Female,4.66.143.31
513,Dennis,Cooper,dcoopere8@imgur.com,Male,11.114.193.231
514,Johnny,Sullivan,jsullivane9@columbia.edu,Male,20.71.148.198
515,Scott,Burton,sburtonea@salon.com,Male,120.120.228.183
516,Lisa,Harper,lharpereb@statcounter.com,Female,220.121.239.29
517,Joe,Bradley,jbradleyec@foxnews.com,Male,193.38.56.179
518,Frank,Sullivan,fsullivaned@shinystat.com,Male,211.183.119.204
519,Wanda,Carter,wcarteree@skyrock.com,Female,40.24.39.46
520,Cheryl,Stone,cstoneef@sciencedirect.com,Female,148.218.62.3
521,David,Willis,dwilliseg@fda.gov,Male,253.104.227.146
522,Alice,Davis,adaviseh@slate.com,Female,12.147.44.207
523,Judith,Holmes,jholmesei@prlog.org,Female,2.70.14.138
524,Sara,Kelley,skelleyej@pbs.org,Female,75.13.58.138
525,Michael,Burns,mburnsek@opensource.org,Male,91.127.198.116
526,Robin,Andrews,randrewsel@newyorker.com,Female,113.182.2.102
527,Terry,Mccoy,tmccoyem@uol.com.br,Male,173.75.5.182
528,Ann,Carroll,acarrollen@cyberchimps.com,Female,231.23.104.196
529,Arthur,Berry,aberryeo@arizona.edu,Male,8.228.136.217
530,James,Garcia,jgarciaep@cmu.edu,Male,147.213.210.128
531,Denise,Payne,dpayneeq@addtoany.com,Female,151.164.74.1
532,Kathleen,Gutierrez,kgutierrezer@spiegel.de,Female,207.73.248.81
533,Shawn,Taylor,staylores@weebly.com,Male,77.54.169.33
534,Wayne,Cox,wcoxet@nsw.gov.au,Male,57.202.181.171
535,Ashley,Andrews,aandrewseu@i2i.jp,Female,148.57.56.107
536,Ryan,Carroll,rcarrollev@cocolog-nifty.com,Male,197.127.218.49
537,Philip,Henry,phenryew@indiatimes.com,Male,166.234.77.121
538,Nicole,King,nkingex@exblog.jp,Female,149.216.101.142
539,Jane,Ray,jrayey@mlb.com,Female,94.117.103.48
540,Irene,Hanson,ihansonez@boston.com,Female,10.89.109.16
541,Nicole,Williams,nwilliamsf0@tinyurl.com,Female,22.102.90.126
542,Amanda,Frazier,afrazierf1@t.co,Female,231.213.253.93
543,Walter,Snyder,wsnyderf2@hao123.com,Male,70.58.84.129
544,Keith,George,kgeorgef3@forbes.com,Male,165.25.253.210
545,Jeremy,Patterson,jpattersonf4@xinhuanet.com,Male,174.254.53.65
546,Helen,Allen,hallenf5@1und1.de,Female,221.18.79.117
547,Samuel,Shaw,sshawf6@issuu.com,Male,49.46.201.215
548,Theresa,Knight,tknightf7@vk.com,Female,175.81.90.255
549,Albert,Cook,acookf8@dot.gov,Male,65.179.53.34
550,Virginia,Moreno,vmorenof9@unesco.org,Female,53.42.176.228
551,Eugene,Gordon,egordonfa@blogger.com,Male,195.88.254.148
552,Samuel,Carr,scarrfb@diigo.com,Male,201.156.249.23
553,Paula,Andrews,pandrewsfc@accuweather.com,Female,204.51.19.0
554,Betty,Hamilton,bhamiltonfd@prlog.org,Female,237.4.154.61
555,Michelle,Sanchez,msanchezfe@stanford.edu,Female,24.51.128.153
556,Ryan,Mason,rmasonff@wikispaces.com,Male,60.124.25.80
557,Carolyn,Sims,csimsfg@de.vu,Female,246.196.169.97
558,Bruce,Warren,bwarrenfh@delicious.com,Male,108.213.101.175
559,Emily,Palmer,epalmerfi@wisc.edu,Female,26.106.148.129
560,Howard,Payne,hpaynefj@aol.com,Male,213.165.211.207
561,Louis,Myers,lmyersfk@gov.uk,Male,234.173.53.199
562,John,Bryant,jbryantfl@github.io,Male,206.183.44.235
563,Lois,Smith,lsmithfm@hp.com,Female,170.97.189.225
564,Scott,Pierce,spiercefn@github.com,Male,51.12.252.123
565,Rebecca,Bennett,rbennettfo@mlb.com,Female,194.205.77.166
566,Terry,Wood,twoodfp@sitemeter.com,Male,110.201.233.203
567,Deborah,Brooks,dbrooksfq@nps.gov,Female,90.237.105.26
568,Gerald,Walker,gwalkerfr@businessinsider.com,Male,52.153.168.119
569,Jessica,Gordon,jgordonfs@biglobe.ne.jp,Female,20.237.242.53
570,Gerald,Sullivan,gsullivanft@sbwire.com,Male,66.194.225.51
571,Nancy,Martinez,nmartinezfu@nhs.uk,Female,148.247.149.252
572,Joe,Kennedy,jkennedyfv@myspace.com,Male,86.25.161.95
573,Todd,Cooper,tcooperfw@weibo.com,Male,37.251.199.178
574,Jeremy,Hansen,jhansenfx@constantcontact.com,Male,30.81.151.75
575,Anne,Carroll,acarrollfy@smugmug.com,Female,23.102.157.135
576,Barbara,Reed,breedfz@google.com.hk,Female,171.147.175.102
577,Kelly,Hicks,khicksg0@phpbb.com,Female,113.63.179.101
578,Kathy,Diaz,kdiazg1@photobucket.com,Female,130.32.135.96
579,Judith,Holmes,jholmesg2@xing.com,Female,210.197.101.229
580,Virginia,Berry,vberryg3@shareasale.com,Female,63.173.241.162
581,Lisa,Harvey,lharveyg4@statcounter.com,Female,91.30.169.202
582,Craig,Hernandez,chernandezg5@yolasite.com,Male,15.73.173.41
583,Ralph,Hansen,rhanseng6@google.com.br,Male,104.146.178.39
584,Anna,Knight,aknightg7@posterous.com,Female,169.115.40.134
585,Eugene,Little,elittleg8@myspace.com,Male,189.63.76.180
586,Donald,Carter,dcarterg9@yelp.com,Male,49.91.85.127
587,Betty,Stone,bstonega@weather.com,Female,186.175.248.21
588,Walter,Welch,wwelchgb@cocolog-nifty.com,Male,93.177.45.31
589,Frank,Gordon,fgordongc@nationalgeographic.com,Male,55.82.36.166
590,Ruby,Reyes,rreyesgd@liveinternet.ru,Female,72.30.82.143
591,Craig,Wheeler,cwheelerge@yellowpages.com,Male,111.179.255.7
592,Nancy,Gonzalez,ngonzalezgf@google.com.br,Female,35.255.13.124
593,Eric,Sanders,esandersgg@redcross.org,Male,183.215.46.18
594,Christine,Moreno,cmorenogh@purevolume.com,Female,88.176.214.97
595,Kathy,Lawson,klawsongi@seesaa.net,Female,223.215.243.142
596,Jeffrey,Hunt,jhuntgj@tiny.cc,Male,131.122.39.47
597,Aaron,Howard,ahowardgk@themeforest.net,Male,195.64.77.245
598,Steven,Robertson,srobertsongl@yelp.com,Male,28.192.67.22
599,Harold,Simmons,hsimmonsgm@meetup.com,Male,108.99.59.140
600,Rose,Nelson,rnelsongn@xing.com,Female,68.209.74.83
601,Harold,Webb,hwebbgo@diigo.com,Male,167.10.135.208
602,Patricia,Evans,pevansgp@163.com,Female,106.244.168.180
603,Carlos,Daniels,cdanielsgq@dell.com,Male,81.92.189.251
604,Melissa,Porter,mportergr@boston.com,Female,86.196.56.33
605,Daniel,Walker,dwalkergs@tripod.com,Male,242.9.175.19
606,Anne,Tucker,atuckergt@shareasale.com,Female,170.30.43.163
607,Christine,Kennedy,ckennedygu@oakley.com,Female,35.236.90.160
608,Helen,Day,hdaygv@opera.com,Female,15.57.85.55
609,Mildred,Taylor,mtaylorgw@ihg.com,Female,183.58.75.143
610,Jason,George,jgeorgegx@posterous.com,Male,146.7.5.74
611,Maria,Elliott,melliottgy@altervista.org,Female,240.18.191.178
612,Johnny,Howard,jhowardgz@bbc.co.uk,Male,159.118.187.6
613,Emily,Andrews,eandrewsh0@tmall.com,Female,223.215.86.171
614,Carol,Hawkins,chawkinsh1@marriott.com,Female,103.218.60.201
615,Donald,Morales,dmoralesh2@bizjournals.com,Male,162.84.141.223
616,Evelyn,Murphy,emurphyh3@google.fr,Female,24.217.225.65
617,Paul,Castillo,pcastilloh4@deliciousdays.com,Male,41.33.52.57
618,Mark,Baker,mbakerh5@washingtonpost.com,Male,206.34.251.102
619,Donna,Montgomery,dmontgomeryh6@webnode.com,Female,72.49.171.34
620,Melissa,Meyer,mmeyerh7@tripod.com,Female,30.193.165.78
621,Victor,Bailey,vbaileyh8@acquirethisname.com,Male,27.245.101.44
622,Adam,Kennedy,akennedyh9@sbwire.com,Male,118.97.142.57
623,Karen,Medina,kmedinaha@seattletimes.com,Female,101.197.112.115
624,Billy,Morrison,bmorrisonhb@fotki.com,Male,107.171.82.33
625,Steven,Robertson,srobertsonhc@ucla.edu,Male,170.88.165.14
626,Julia,Richards,jrichardshd@prweb.com,Female,8.244.86.196
627,Jeffrey,Wagner,jwagnerhe@ebay.co.uk,Male,158.212.182.9
628,Martha,Romero,mromerohf@cloudflare.com,Female,97.164.255.109
629,Robert,Washington,rwashingtonhg@sitemeter.com,Male,184.216.244.214
630,Julia,Olson,jolsonhh@sbwire.com,Female,122.222.167.209
631,Jesse,James,jjameshi@photobucket.com,Male,255.198.19.248
632,Linda,Reyes,lreyeshj@bbc.co.uk,Female,70.75.180.104
633,Deborah,Ford,dfordhk@imdb.com,Female,55.155.30.12
634,Bobby,Griffin,bgriffinhl@prnewswire.com,Male,105.198.203.115
635,Anna,Little,alittlehm@51.la,Female,31.114.189.99
636,Jessica,Marshall,jmarshallhn@wsj.com,Female,254.128.114.159
637,Steve,Oliver,soliverho@slate.com,Male,32.57.255.218
638,Margaret,Gordon,mgordonhp@flavors.me,Female,200.27.135.216
639,Maria,Harper,mharperhq@de.vu,Female,75.250.107.10
640,Randy,Cox,rcoxhr@cbslocal.com,Male,20.89.236.76
641,Lillian,Myers,lmyershs@google.fr,Female,175.225.42.206
642,Chris,Reid,creidht@geocities.jp,Male,57.31.11.117
643,Justin,Russell,jrussellhu@pcworld.com,Male,71.185.19.122
644,Mary,Ortiz,mortizhv@theatlantic.com,Female,200.154.232.29
645,Jerry,Ray,jrayhw@sbwire.com,Male,230.75.216.245
646,Mildred,Gibson,mgibsonhx@apache.org,Female,25.50.94.30
647,William,Castillo,wcastillohy@umn.edu,Male,177.183.22.118
648,Jeffrey,Sanchez,jsanchezhz@independent.co.uk,Male,68.60.54.168
649,Andrew,Hernandez,ahernandezi0@reference.com,Male,63.237.95.182
650,Amy,Morris,amorrisi1@prlog.org,Female,78.56.199.229
651,Anna,Thompson,athompsoni2@msn.com,Female,53.9.187.138
652,Earl,Tucker,etuckeri3@infoseek.co.jp,Male,104.118.192.160
653,Jonathan,Richards,jrichardsi4@ucoz.com,Male,14.71.199.129
654,David,Powell,dpowelli5@indiatimes.com,Male,149.162.253.138
655,Christine,Sims,csimsi6@goo.gl,Female,246.235.152.219
656,Helen,Robinson,hrobinsoni7@europa.eu,Female,90.175.177.84
657,Shawn,Nguyen,snguyeni8@nhs.uk,Male,244.1.45.254
658,Earl,Coleman,ecolemani9@fda.gov,Male,25.72.240.129
659,Stephen,Thomas,sthomasia@blogger.com,Male,214.55.141.182
660,Keith,Carter,kcarterib@yahoo.com,Male,159.61.1.62
661,Wayne,Watkins,wwatkinsic@europa.eu,Male,64.157.61.206
662,Brenda,Owens,bowensid@usa.gov,Female,73.174.174.93
663,Larry,Berry,lberryie@gravatar.com,Male,58.131.90.167
664,Gerald,Myers,gmyersif@hhs.gov,Male,155.140.8.18
665,Carlos,Thompson,cthompsonig@reverbnation.com,Male,216.185.50.181
666,Donald,Willis,dwillisih@prweb.com,Male,47.80.121.153
667,Lois,Medina,lmedinaii@harvard.edu,Female,49.94.122.23
668,Adam,Turner,aturnerij@prweb.com,Male,144.185.234.190
669,Nicholas,Green,ngreenik@globo.com,Male,143.133.150.44
670,Patricia,Collins,pcollinsil@disqus.com,Female,28.94.118.205
671,James,Gordon,jgordonim@smh.com.au,Male,35.233.101.169
672,Daniel,Daniels,ddanielsin@google.com,Male,58.0.87.252
673,Bobby,Ryan,bryanio@desdev.cn,Male,184.153.50.9
674,Barbara,Hill,bhillip@mail.ru,Female,189.161.57.134
675,Louise,Pierce,lpierceiq@google.es,Female,39.73.119.196
676,Roger,Harper,rharperir@hao123.com,Male,137.102.219.134
677,Evelyn,Meyer,emeyeris@uol.com.br,Female,174.52.120.138
678,Thomas,Freeman,tfreemanit@miibeian.gov.cn,Male,53.71.75.136
679,Andrea,Miller,amilleriu@techcrunch.com,Female,153.29.222.95
680,Kevin,Freeman,kfreemaniv@amazonaws.com,Male,197.23.113.82
681,Evelyn,Coleman,ecolemaniw@go.com,Female,18.75.166.255
682,Dorothy,Gardner,dgardnerix@goo.ne.jp,Female,87.164.132.30
683,Marilyn,Clark,mclarkiy@networksolutions.com,Female,122.108.141.117
684,Albert,Morales,amoralesiz@phpbb.com,Male,199.82.25.190
685,Pamela,Patterson,ppattersonj0@nationalgeographic.com,Female,174.231.88.223
686,Ann,Ellis,aellisj1@google.es,Female,4.131.177.174
687,Daniel,Day,ddayj2@desdev.cn,Male,134.173.192.86
688,Catherine,Andrews,candrewsj3@constantcontact.com,Female,245.19.245.133
689,Thomas,Powell,tpowellj4@oaic.gov.au,Male,132.114.40.31
690,Alice,Harvey,aharveyj5@dell.com,Female,42.198.74.235
691,Brian,Stephens,bstephensj6@mozilla.org,Male,174.113.26.205
692,Jacqueline,Peters,jpetersj7@ezinearticles.com,Female,15.73.89.67
693,Scott,Ford,sfordj8@pbs.org,Male,7.57.201.39
694,Mark,Lawrence,mlawrencej9@yellowpages.com,Male,34.24.232.227
695,Phyllis,Romero,promeroja@si.edu,Female,128.159.33.215
696,Janice,Morales,jmoralesjb@hhs.gov,Female,90.90.102.253
697,Antonio,Clark,aclarkjc@nhs.uk,Male,107.66.234.209
698,Samuel,Rose,srosejd@economist.com,Male,85.246.63.252
699,Jimmy,Richards,jrichardsje@dion.ne.jp,Male,15.88.169.135
700,Melissa,Cruz,mcruzjf@si.edu,Female,129.233.164.242
701,Tina,Gray,tgrayjg@cisco.com,Female,94.166.224.254
702,Nicholas,Jacobs,njacobsjh@360.cn,Male,82.228.237.171
703,George,King,gkingji@springer.com,Male,12.87.106.19
704,Martin,Hansen,mhansenjj@skype.com,Male,111.205.43.129
705,Martin,Daniels,mdanielsjk@is.gd,Male,253.197.204.3
706,Thomas,Lane,tlanejl@tamu.edu,Male,46.130.202.104
707,Maria,Hayes,mhayesjm@com.com,Female,52.3.161.244
708,Ryan,White,rwhitejn@gov.uk,Male,51.180.59.85
709,Barbara,Peters,bpetersjo@istockphoto.com,Female,221.224.106.47
710,Aaron,Campbell,acampbelljp@livejournal.com,Male,240.180.179.119
711,Russell,Clark,rclarkjq@acquirethisname.com,Male,9.84.47.30
712,Lois,Torres,ltorresjr@ucoz.ru,Female,238.235.33.140
713,Christina,Cole,ccolejs@jigsy.com,Female,156.198.155.1
714,Cynthia,Nguyen,cnguyenjt@army.mil,Female,59.113.107.151
715,Debra,Morrison,dmorrisonju@newyorker.com,Female,81.80.202.238
716,Joshua,Perry,jperryjv@networksolutions.com,Male,136.243.30.71
717,Joan,Armstrong,jarmstrongjw@bloglines.com,Female,229.240.26.233
718,Nancy,Myers,nmyersjx@japanpost.jp,Female,68.139.180.111
719,Jane,White,jwhitejy@nydailynews.com,Female,104.120.253.169
720,Larry,Hernandez,lhernandezjz@eepurl.com,Male,23.212.160.36
721,Frank,Garza,fgarzak0@sun.com,Male,253.9.225.18
722,Phillip,Spencer,pspencerk1@themeforest.net,Male,196.113.157.179
723,Sara,Fernandez,sfernandezk2@taobao.com,Female,127.128.33.158
724,Randy,Porter,rporterk3@blogtalkradio.com,Male,13.187.222.122
725,Elizabeth,Carroll,ecarrollk4@mapy.cz,Female,26.208.145.91
726,Margaret,Porter,mporterk5@booking.com,Female,122.211.81.241
727,William,Bennett,wbennettk6@nih.gov,Male,18.44.53.226
728,Deborah,Holmes,dholmesk7@dropbox.com,Female,104.154.151.253
729,Virginia,Hanson,vhansonk8@rakuten.co.jp,Female,6.56.69.35
730,Annie,Fox,afoxk9@umich.edu,Female,196.228.3.239
731,Jeremy,Scott,jscottka@bandcamp.com,Male,24.246.99.218
732,Lori,Flores,lfloreskb@dot.gov,Female,153.34.218.6
733,Judith,Greene,jgreenekc@paginegialle.it,Female,190.131.145.252
734,Christina,Sullivan,csullivankd@photobucket.com,Female,153.92.135.220
735,Evelyn,Marshall,emarshallke@dion.ne.jp,Female,117.41.143.159
736,Norma,Kelly,nkellykf@arizona.edu,Female,236.63.73.96
737,Frances,Flores,ffloreskg@blinklist.com,Female,249.95.193.112
738,Beverly,Parker,bparkerkh@jiathis.com,Female,213.103.127.180
739,Tina,Morris,tmorriski@ucla.edu,Female,127.66.41.101
740,Timothy,Perry,tperrykj@nydailynews.com,Male,101.218.214.58
741,Henry,Carroll,hcarrollkk@disqus.com,Male,212.241.60.136
742,Deborah,Russell,drussellkl@npr.org,Female,207.254.117.211
743,Ann,Matthews,amatthewskm@quantcast.com,Female,184.20.10.87
744,Susan,Morgan,smorgankn@elegantthemes.com,Female,53.234.246.68
745,Aaron,Garrett,agarrettko@howstuffworks.com,Male,145.69.141.15
746,Marilyn,Carr,mcarrkp@cam.ac.uk,Female,107.83.121.252
747,Teresa,Day,tdaykq@umich.edu,Female,116.8.72.222
748,Wayne,Greene,wgreenekr@phoca.cz,Male,56.94.242.249
749,Barbara,Robertson,brobertsonks@unicef.org,Female,68.0.53.152
750,Evelyn,Rivera,eriverakt@google.com.au,Female,213.82.239.199
751,Brandon,Burke,bburkeku@mozilla.org,Male,84.168.141.9
752,Justin,Henderson,jhendersonkv@army.mil,Male,83.226.166.163
753,Stephen,Harris,sharriskw@macromedia.com,Male,100.204.229.83
754,Lori,Stewart,lstewartkx@time.com,Female,183.22.198.157
755,Scott,Elliott,selliottky@wordpress.com,Male,87.54.230.103
756,Clarence,Hernandez,chernandezkz@webs.com,Male,92.161.211.142
757,Joseph,Mcdonald,jmcdonaldl0@sina.com.cn,Male,73.99.254.93
758,Clarence,King,ckingl1@craigslist.org,Male,15.62.117.32
759,Clarence,Brooks,cbrooksl2@feedburner.com,Male,44.92.209.153
760,Mary,Murphy,mmurphyl3@hao123.com,Female,78.6.46.30
761,Evelyn,Bryant,ebryantl4@freewebs.com,Female,52.222.121.59
762,Fred,Hudson,fhudsonl5@shareasale.com,Male,66.164.225.140
763,Thomas,Bennett,tbennettl6@histats.com,Male,43.155.17.15
764,Justin,Garcia,jgarcial7@independent.co.uk,Male,241.179.20.126
765,Betty,Diaz,bdiazl8@1688.com,Female,71.255.49.32
766,Catherine,Robinson,crobinsonl9@list-manage.com,Female,36.198.141.113
767,Keith,Wallace,kwallacela@admin.ch,Male,192.109.128.157
768,Margaret,Garrett,mgarrettlb@tiny.cc,Female,248.167.118.143
769,Ruby,Kim,rkimlc@ihg.com,Female,157.92.171.154
770,Aaron,Wood,awoodld@flavors.me,Male,219.34.190.99
771,Heather,Dixon,hdixonle@slate.com,Female,90.214.26.107
772,Michelle,Miller,mmillerlf@pagesperso-orange.fr,Female,183.122.118.147
773,Cynthia,Austin,caustinlg@google.pl,Female,160.118.110.247
774,John,Owens,jowenslh@xrea.com,Male,173.10.42.121
775,Nicholas,Hanson,nhansonli@creativecommons.org,Male,166.175.217.156
776,Rebecca,Greene,rgreenelj@twitpic.com,Female,208.137.232.32
777,Joshua,Smith,jsmithlk@nbcnews.com,Male,169.109.59.184
778,Joyce,Carr,jcarrll@clickbank.net,Female,93.254.255.16
779,Judith,Lopez,jlopezlm@behance.net,Female,236.42.77.148
780,Douglas,Collins,dcollinsln@nhs.uk,Male,80.49.152.216
781,Donna,Black,dblacklo@youku.com,Female,78.114.186.61
782,Bobby,Andrews,bandrewslp@squarespace.com,Male,236.247.38.45
783,Juan,West,jwestlq@macromedia.com,Male,207.223.26.212
784,Virginia,Lane,vlanelr@wp.com,Female,87.14.154.143
785,Tina,Moreno,tmorenols@home.pl,Female,121.235.181.159
786,Frank,Dunn,fdunnlt@eepurl.com,Male,39.110.94.154
787,Lillian,Stevens,lstevenslu@newsvine.com,Female,23.247.188.85
788,Joe,Medina,jmedinalv@arstechnica.com,Male,212.174.140.20
789,Teresa,Barnes,tbarneslw@thetimes.co.uk,Female,212.16.98.42
790,Aaron,Perkins,aperkinslx@nydailynews.com,Male,228.35.187.21
791,Larry,Collins,lcollinsly@globo.com,Male,112.15.161.114
792,Roger,Moore,rmoorelz@walmart.com,Male,135.251.192.231
793,Diane,Watkins,dwatkinsm0@europa.eu,Female,174.144.223.119
794,Deborah,Webb,dwebbm1@cbslocal.com,Female,130.74.127.149
795,Nancy,Murray,nmurraym2@amazonaws.com,Female,116.1.105.140
796,Jesse,Gutierrez,jgutierrezm3@cocolog-nifty.com,Male,217.12.84.226
797,Lori,Ellis,lellism4@jigsy.com,Female,52.228.49.99
798,Peter,Burns,pburnsm5@comcast.net,Male,73.84.15.121
799,Donna,Wood,dwoodm6@linkedin.com,Female,198.74.151.90
800,Judy,Grant,jgrantm7@dion.ne.jp,Female,67.108.114.17
801,Roger,Gomez,rgomezm8@uol.com.br,Male,25.210.50.57
802,Joshua,Welch,jwelchm9@yolasite.com,Male,222.81.20.39
803,Nancy,Cruz,ncruzma@a8.net,Female,192.164.55.101
804,Louise,Meyer,lmeyermb@myspace.com,Female,130.7.54.162
805,Christine,Garcia,cgarciamc@boston.com,Female,130.187.133.4
806,Michael,Cole,mcolemd@discovery.com,Male,253.188.115.14
807,Harold,Medina,hmediname@jugem.jp,Male,183.30.94.163
808,Jeremy,Campbell,jcampbellmf@tumblr.com,Male,64.105.145.162
809,Roger,Garza,rgarzamg@fotki.com,Male,74.38.57.43
810,George,Fowler,gfowlermh@netlog.com,Male,116.65.231.172
811,Wayne,Bailey,wbaileymi@chicagotribune.com,Male,157.237.195.83
812,Ralph,Williams,rwilliamsmj@microsoft.com,Male,245.250.45.187
813,Pamela,Ferguson,pfergusonmk@nyu.edu,Female,12.110.32.6
814,Lois,Richardson,lrichardsonml@shinystat.com,Female,182.59.162.156
815,Kevin,Dean,kdeanmm@hao123.com,Male,22.98.146.238
816,Mark,Jackson,mjacksonmn@technorati.com,Male,162.11.54.188
817,Raymond,Stone,rstonemo@hc360.com,Male,224.148.1.26
818,Robert,Hunt,rhuntmp@cargocollective.com,Male,56.237.25.159
819,Theresa,Garrett,tgarrettmq@macromedia.com,Female,150.219.207.117
820,Larry,Bryant,lbryantmr@msn.com,Male,237.247.167.49
821,Kathy,Long,klongms@nsw.gov.au,Female,84.57.65.125
822,Jerry,Thomas,jthomasmt@freewebs.com,Male,107.220.93.88
823,Brian,Rogers,brogersmu@edublogs.org,Male,11.42.58.68
824,Chris,Knight,cknightmv@sun.com,Male,252.240.68.238
825,Sharon,Barnes,sbarnesmw@msu.edu,Female,113.112.118.223
826,Douglas,Castillo,dcastillomx@intel.com,Male,64.127.39.51
827,Victor,Ward,vwardmy@ox.ac.uk,Male,4.219.238.41
828,Chris,Patterson,cpattersonmz@mozilla.org,Male,90.154.84.185
829,Andrew,Gray,agrayn0@topsy.com,Male,140.195.18.68
830,Lillian,Diaz,ldiazn1@taobao.com,Female,90.194.162.31
831,Ruby,Cooper,rcoopern2@telegraph.co.uk,Female,129.81.178.224
832,Jean,Banks,jbanksn3@vinaora.com,Female,72.145.143.123
833,Russell,Miller,rmillern4@ameblo.jp,Male,224.82.44.157
834,Martha,Cunningham,mcunninghamn5@ovh.net,Female,216.55.252.200
835,Heather,Taylor,htaylorn6@berkeley.edu,Female,181.38.234.76
836,Wanda,Smith,wsmithn7@imageshack.us,Female,6.142.178.243
837,Sean,Hernandez,shernandezn8@blogtalkradio.com,Male,200.21.55.111
838,Amanda,Holmes,aholmesn9@furl.net,Female,66.22.85.167
839,Scott,Gomez,sgomezna@uol.com.br,Male,92.159.244.234
840,Willie,Richardson,wrichardsonnb@spiegel.de,Male,78.76.217.73
841,Lawrence,Franklin,lfranklinnc@abc.net.au,Male,74.109.185.28
842,Betty,Hawkins,bhawkinsnd@google.com.hk,Female,15.111.152.119
843,Kimberly,Morales,kmoralesne@usa.gov,Female,115.121.99.39
844,Christine,Stevens,cstevensnf@techcrunch.com,Female,4.158.116.6
845,Terry,Kim,tkimng@vistaprint.com,Male,225.80.156.150
846,Andrew,Young,ayoungnh@aol.com,Male,53.82.96.56
847,Carl,Ross,crossni@nih.gov,Male,85.108.12.15
848,Donald,Webb,dwebbnj@indiegogo.com,Male,44.53.157.219
849,Martha,Bryant,mbryantnk@prlog.org,Female,82.41.200.36
850,Henry,Grant,hgrantnl@google.co.jp,Male,112.167.27.107
851,Betty,Morgan,bmorgannm@buzzfeed.com,Female,47.112.240.76
852,Ashley,Carroll,acarrollnn@tinypic.com,Female,176.108.136.86
853,Matthew,Williamson,mwilliamsonno@usnews.com,Male,163.193.62.192
854,Robert,Fox,rfoxnp@mail.ru,Male,190.238.180.160
855,Wanda,Duncan,wduncannq@hud.gov,Female,245.46.62.104
856,Gregory,Brooks,gbrooksnr@scribd.com,Male,215.145.170.6
857,Susan,Lawrence,slawrencens@webmd.com,Female,165.90.68.83
858,Paula,Mcdonald,pmcdonaldnt@printfriendly.com,Female,16.74.145.236
859,Theresa,Burns,tburnsnu@sfgate.com,Female,153.82.194.47
860,Fred,Kim,fkimnv@artisteer.com,Male,185.29.160.94
861,Chris,Bailey,cbaileynw@amazon.de,Male,183.102.66.235
862,Kenneth,Clark,kclarknx@artisteer.com,Male,108.187.5.66
863,Paula,Stephens,pstephensny@usgs.gov,Female,41.255.146.176
864,Daniel,Hayes,dhayesnz@si.edu,Male,237.250.155.71
865,Raymond,Miller,rmillero0@miibeian.gov.cn,Male,68.151.173.249
866,Marie,Rodriguez,mrodriguezo1@skyrock.com,Female,100.218.139.178
867,Nicholas,Shaw,nshawo2@bloglines.com,Male,188.96.204.71
868,Richard,Hamilton,rhamiltono3@yale.edu,Male,235.25.166.77
869,Evelyn,Chavez,echavezo4@craigslist.org,Female,248.200.141.122
870,Harold,Jenkins,hjenkinso5@prweb.com,Male,175.73.236.134
871,Rose,Diaz,rdiazo6@pcworld.com,Female,40.2.105.113
872,Christine,Hall,challo7@patch.com,Female,106.22.150.143
873,Annie,Ortiz,aortizo8@tinyurl.com,Female,82.229.225.4
874,Anne,Fields,afieldso9@china.com.cn,Female,223.7.39.62
875,Paul,Stephens,pstephensoa@bizjournals.com,Male,148.57.31.97
876,Brandon,Cruz,bcruzob@deliciousdays.com,Male,47.134.82.213
877,Amanda,Shaw,ashawoc@youtu.be,Female,93.142.233.234
878,Melissa,Wheeler,mwheelerod@reference.com,Female,105.30.236.168
879,Johnny,Graham,jgrahamoe@pcworld.com,Male,141.224.59.138
880,Terry,Garcia,tgarciaof@odnoklassniki.ru,Male,145.19.78.84
881,Kathryn,Wright,kwrightog@aboutads.info,Female,195.127.194.151
882,Jennifer,Simpson,jsimpsonoh@nba.com,Female,55.159.124.77
883,Matthew,Williams,mwilliamsoi@facebook.com,Male,175.74.131.186
884,Diana,Lee,dleeoj@nasa.gov,Female,182.5.153.230
885,Craig,Kennedy,ckennedyok@furl.net,Male,225.65.200.78
886,David,Kennedy,dkennedyol@cloudflare.com,Male,228.17.218.94
887,Julie,Dunn,jdunnom@princeton.edu,Female,141.69.98.253
888,Rachel,Hamilton,rhamiltonon@fastcompany.com,Female,134.181.214.10
889,Evelyn,Jacobs,ejacobsoo@spiegel.de,Female,75.131.245.29
890,Roy,Hayes,rhayesop@mysql.com,Male,251.25.145.42
891,Donna,Wood,dwoodoq@blinklist.com,Female,100.162.9.159
892,Teresa,Ray,trayor@nationalgeographic.com,Female,145.32.235.245
893,Ruth,Allen,rallenos@ebay.com,Female,161.109.163.165
894,Harold,Cunningham,hcunninghamot@domainmarket.com,Male,174.57.213.102
895,Gary,Lane,glaneou@home.pl,Male,50.33.169.142
896,Russell,Nichols,rnicholsov@studiopress.com,Male,141.98.177.125
897,Martha,Carter,mcarterow@amazon.com,Female,155.243.156.113
898,William,Hall,whallox@fastcompany.com,Male,101.79.13.224
899,Denise,Carr,dcarroy@com.com,Female,24.66.118.18
900,Ruby,Scott,rscottoz@prweb.com,Female,189.70.242.26
901,Brenda,Watkins,bwatkinsp0@adobe.com,Female,61.125.107.172
902,Margaret,Sims,msimsp1@buzzfeed.com,Female,144.232.13.24
903,Amy,Collins,acollinsp2@fotki.com,Female,206.191.99.150
904,Phillip,Holmes,pholmesp3@is.gd,Male,39.241.129.198
905,Wayne,Ferguson,wfergusonp4@cloudflare.com,Male,170.150.148.164
906,Raymond,Marshall,rmarshallp5@surveymonkey.com,Male,83.246.250.74
907,Timothy,Rodriguez,trodriguezp6@irs.gov,Male,42.234.251.47
908,Diana,Patterson,dpattersonp7@youtube.com,Female,45.146.167.194
909,Linda,Cox,lcoxp8@economist.com,Female,78.249.231.152
910,Kathy,Wheeler,kwheelerp9@pbs.org,Female,39.224.59.124
911,Larry,Hunter,lhunterpa@thetimes.co.uk,Male,20.209.229.148
912,Albert,Brooks,abrookspb@google.co.jp,Male,105.151.68.118
913,Jean,Gray,jgraypc@arizona.edu,Female,149.192.93.62
914,Susan,Schmidt,sschmidtpd@ucla.edu,Female,163.62.65.19
915,Judy,Jacobs,jjacobspe@usatoday.com,Female,123.191.213.115
916,Denise,Fisher,dfisherpf@tiny.cc,Female,250.169.95.179
917,Tammy,Sanders,tsanderspg@simplemachines.org,Female,224.218.2.73
918,Joyce,Roberts,jrobertsph@sbwire.com,Female,135.53.135.89
919,Shawn,Washington,swashingtonpi@bigcartel.com,Male,120.124.246.159
920,Nicholas,Bryant,nbryantpj@uol.com.br,Male,144.122.43.8
921,Michelle,Roberts,mrobertspk@wired.com,Female,115.174.221.191
922,Joseph,Collins,jcollinspl@reference.com,Male,34.174.184.153
923,Scott,Austin,saustinpm@ezinearticles.com,Male,48.232.154.54
924,Catherine,Stanley,cstanleypn@virginia.edu,Female,139.195.150.17
925,Roger,Nichols,rnicholspo@zdnet.com,Male,12.86.212.173
926,Benjamin,Watson,bwatsonpp@japanpost.jp,Male,234.128.167.171
927,Bonnie,Daniels,bdanielspq@guardian.co.uk,Female,38.137.26.174
928,Keith,Alvarez,kalvarezpr@columbia.edu,Male,193.71.214.195
929,Marilyn,Hansen,mhansenps@nymag.com,Female,120.131.148.3
930,Jennifer,Sims,jsimspt@oracle.com,Female,22.33.101.43
931,Ronald,Austin,raustinpu@hibu.com,Male,8.236.163.90
932,Heather,Riley,hrileypv@wsj.com,Female,225.178.28.48
933,Craig,Bennett,cbennettpw@alexa.com,Male,246.22.119.142
934,Bobby,Flores,bflorespx@pinterest.com,Male,151.59.221.241
935,Pamela,Greene,pgreenepy@is.gd,Female,140.15.248.9
936,Kathryn,Kelley,kkelleypz@yellowpages.com,Female,101.236.80.183
937,Elizabeth,Hunt,ehuntq0@cyberchimps.com,Female,49.231.160.186
938,Sandra,Garrett,sgarrettq1@pinterest.com,Female,78.73.52.192
939,Linda,Myers,lmyersq2@baidu.com,Female,246.98.16.227
940,Jose,Perez,jperezq3@nature.com,Male,174.203.196.128
941,Carolyn,Morgan,cmorganq4@a8.net,Female,254.227.89.251
942,Marie,Flores,mfloresq5@shutterfly.com,Female,138.112.212.17
943,Ashley,Ruiz,aruizq6@usnews.com,Female,230.200.96.189
944,Carlos,Stewart,cstewartq7@sciencedirect.com,Male,229.17.180.78
945,Johnny,Burton,jburtonq8@va.gov,Male,184.221.207.140
946,Howard,Kelly,hkellyq9@mtv.com,Male,169.48.87.217
947,Adam,Montgomery,amontgomeryqa@berkeley.edu,Male,58.34.53.29
948,Douglas,George,dgeorgeqb@usa.gov,Male,74.213.189.144
949,Ann,Powell,apowellqc@wordpress.org,Female,174.54.162.234
950,Bonnie,Kelley,bkelleyqd@psu.edu,Female,254.54.243.68
951,Paul,Hunt,phuntqe@discovery.com,Male,98.149.211.112
952,Lisa,Stephens,lstephensqf@twitter.com,Female,24.17.149.78
953,Nicholas,Robinson,nrobinsonqg@yale.edu,Male,186.24.99.202
954,Brian,Vasquez,bvasquezqh@jigsy.com,Male,222.36.230.232
955,William,Ferguson,wfergusonqi@unicef.org,Male,166.140.79.108
956,Louis,Stanley,lstanleyqj@globo.com,Male,255.82.135.139
957,Willie,Holmes,wholmesqk@stanford.edu,Male,83.59.165.247
958,Stephanie,Hunter,shunterql@google.ru,Female,11.239.112.131
959,Robert,Cook,rcookqm@pagesperso-orange.fr,Male,132.64.249.82
960,Ashley,Walker,awalkerqn@hhs.gov,Female,56.246.142.158
961,Andrew,Wheeler,awheelerqo@cnbc.com,Male,165.106.139.108
962,Joe,Nichols,jnicholsqp@noaa.gov,Male,44.216.210.3
963,Ann,Parker,aparkerqq@posterous.com,Female,55.236.160.232
964,Howard,Stewart,hstewartqr@nytimes.com,Male,246.151.51.163
965,Lawrence,Hamilton,lhamiltonqs@wix.com,Male,215.200.81.125
966,Earl,Wood,ewoodqt@whitehouse.gov,Male,182.255.193.24
967,Sean,Kim,skimqu@dell.com,Male,34.59.202.243
968,Christina,Phillips,cphillipsqv@ebay.co.uk,Female,67.237.95.254
969,Alice,Ruiz,aruizqw@mapquest.com,Female,72.32.30.62
970,Mildred,Cole,mcoleqx@jimdo.com,Female,33.107.217.123
971,Sandra,Jenkins,sjenkinsqy@spotify.com,Female,247.234.215.238
972,Anthony,Daniels,adanielsqz@nps.gov,Male,50.250.224.152
973,Michelle,Burke,mburker0@surveymonkey.com,Female,25.64.206.128
974,Norma,Porter,nporterr1@typepad.com,Female,100.32.230.152
975,Randy,Ruiz,rruizr2@nasa.gov,Male,114.19.160.41
976,Howard,Baker,hbakerr3@networkadvertising.org,Male,167.46.202.167
977,Peter,Day,pdayr4@github.io,Male,75.155.199.4
978,Kathleen,Hill,khillr5@list-manage.com,Female,219.213.192.94
979,Ryan,Myers,rmyersr6@canalblog.com,Male,33.170.159.216
980,Dorothy,Harris,dharrisr7@addthis.com,Female,126.197.152.31
981,Debra,Rice,dricer8@51.la,Female,98.43.65.35
982,Harry,Turner,hturnerr9@thetimes.co.uk,Male,234.138.60.246
983,Evelyn,Ortiz,eortizra@sphinn.com,Female,173.151.184.112
984,Denise,Foster,dfosterrb@cmu.edu,Female,16.60.80.57
985,Harry,Simmons,hsimmonsrc@yahoo.com,Male,195.243.223.65
986,Margaret,Anderson,mandersonrd@msn.com,Female,175.129.169.120
987,Kathryn,Burns,kburnsre@wunderground.com,Female,245.14.92.121
988,Dorothy,Elliott,delliottrf@infoseek.co.jp,Female,203.226.151.23
989,Joyce,Moore,jmoorerg@ted.com,Female,168.136.170.135
990,Martha,Robinson,mrobinsonrh@vk.com,Female,27.161.198.203
991,Beverly,Murray,bmurrayri@howstuffworks.com,Female,32.46.201.55
992,Jane,Crawford,jcrawfordrj@bbb.org,Female,235.112.191.11
993,Bonnie,Green,bgreenrk@rakuten.co.jp,Female,249.244.30.71
994,Lillian,Martinez,lmartinezrl@ucla.edu,Female,255.115.255.109
995,Virginia,Jones,vjonesrm@google.fr,Female,7.224.88.25
996,Ruby,Jackson,rjacksonrn@etsy.com,Female,101.44.31.231
997,Paula,Mills,pmillsro@tinypic.com,Female,225.3.224.232
998,Matthew,Larson,mlarsonrp@jiathis.com,Male,8.69.9.124
999,Wayne,Harris,wharrisrq@myspace.com,Male,157.195.105.151
1000,Robin,Matthews,rmatthewsrr@mtv.com,Female,178.126.14.114
